{
    "main_actor":"sphere_2",
    "light":{
      "directional_light_1":{
        "location":{
          "z":206.89055002615,
          "y":-1715.2476689803,
          "x":-1501.3993652122
        },
        "rotation":{
          "pitch":-20.108131063221,
          "roll":0,
          "yaw":72.326949980262
        }
      },
      "nlights":2,
      "is_sky":false,
      "directional_light_2":{
        "location":{
          "z":223.70941979983,
          "y":-483.99372034427,
          "x":333.67350046384
        },
        "rotation":{
          "pitch":-29.714009100438,
          "roll":0,
          "yaw":121.59523269236
        }
      }
    },
    "trick_x":79.339968939004,
    "actors":{
      "sphere_1":{
        "force":{
          "z":846411,
          "y":0,
          "x":-876981
        },
        "location":{
          "z":217,
          "y":-550,
          "x":500
        },
        "material":"Actor/M_Metal_Chrome",
        "scale":0.9
      },
      "sphere_2":{
        "force":{
          "z":-998512,
          "y":0,
          "x":-1034029
        },
        "location":{
          "z":160,
          "y":-700,
          "x":500
        },
        "material":"Actor/M_Metal_Gold",
        "scale":0.9
      }
    },
    "occluders":[],
    "camera":{
      "location":{
        "z":170,
        "y":0,
        "x":150
      },
      "rotation":{
        "pitch":-10,
        "roll":0,
        "yaw":-90
      }
    },
    "backwall":[],
    "floor":"Floor/M_Floor_01"
  }